order_id,sku,order_placed_datetime
OrderID0000001,Pan2,3/1/2023 7:03:22
OrderID0000002,Pan2,3/1/2023 8:59:09
OrderID0000003,Pot2,3/1/2023 10:24:25
OrderID0000004,Pot1,3/1/2023 10:40:46
OrderID0000005,Pot4,3/1/2023 14:15:39
OrderID0000006,Pot3,3/1/2023 14:50:27
OrderID0000007,Pan4,3/1/2023 15:18:53
OrderID0000008,Pot1,3/1/2023 15:59:34
OrderID0000009,Pot4,3/1/2023 17:22:20
OrderID0000010,Pan1,3/1/2023 19:12:17
OrderID0000011,Pan2,3/1/2023 19:47:55
OrderID0000012,Pot2,3/1/2023 22:57:54
OrderID0000013,Pot3,3/2/2023 0:21:34
OrderID0000014,Pan2,3/2/2023 0:41:24
OrderID0000015,Pot1,3/2/2023 0:57:33
OrderID0000016,Pot4,3/2/2023 1:16:46
OrderID0000017,Pot1,3/2/2023 5:18:30
OrderID0000018,Pot2,3/2/2023 7:37:18
OrderID0000019,Pan2,3/2/2023 8:15:15
OrderID0000020,Pot4,3/2/2023 11:30:58
OrderID0000021,Pot4,3/2/2023 15:04:28
OrderID0000022,Pan4,3/2/2023 15:53:18
OrderID0000023,Pot1,3/2/2023 17:16:43
OrderID0000024,Pan2,3/2/2023 18:21:44
OrderID0000025,Pan4,3/2/2023 21:29:40
OrderID0000026,Pan3,3/3/2023 0:49:00
OrderID0000027,Pot4,3/3/2023 1:36:39
OrderID0000028,Pot2,3/3/2023 2:25:37
OrderID0000029,Pot3,3/3/2023 2:52:35
OrderID0000030,Pan2,3/3/2023 4:18:34
OrderID0000031,Pot4,3/3/2023 4:21:16
OrderID0000032,Pot1,3/3/2023 4:36:14
OrderID0000033,Pot4,3/3/2023 7:44:21
OrderID0000034,Pot4,3/3/2023 10:24:54
OrderID0000035,Pan4,3/3/2023 11:04:47
OrderID0000036,Pan1,3/3/2023 11:04:50
OrderID0000037,Pot1,3/3/2023 12:08:35
OrderID0000038,Pan2,3/3/2023 14:15:39
OrderID0000039,Pot2,3/3/2023 14:50:58
OrderID0000040,Pot4,3/3/2023 18:09:50
OrderID0000041,Pot4,3/3/2023 21:14:12
OrderID0000042,Pan2,3/3/2023 23:16:33
OrderID0000043,Pot4,3/4/2023 0:53:28
OrderID0000044,Pot2,3/4/2023 2:56:24
OrderID0000045,Pot4,3/4/2023 3:18:43
OrderID0000046,Pan4,3/4/2023 4:32:54
OrderID0000047,Pot1,3/4/2023 7:54:26
OrderID0000048,Pot4,3/4/2023 8:25:02
OrderID0000049,Pot2,3/4/2023 10:47:04
OrderID0000050,Pan3,3/4/2023 11:13:47
OrderID0000051,Pot3,3/4/2023 11:58:56
OrderID0000052,Pot4,3/4/2023 15:40:13
OrderID0000053,Pan1,3/4/2023 18:55:37
OrderID0000054,Pan2,3/4/2023 19:07:28
OrderID0000055,Pot4,3/4/2023 20:04:36
OrderID0000056,Pot1,3/4/2023 20:39:59
OrderID0000057,Pan2,3/4/2023 21:57:54
OrderID0000058,Pan4,3/5/2023 0:01:25
OrderID0000059,Pot2,3/5/2023 1:12:47
OrderID0000060,Pot4,3/5/2023 3:01:05
OrderID0000061,Pan2,3/5/2023 3:49:50
OrderID0000062,Pot1,3/5/2023 7:12:48
OrderID0000063,Pan2,3/5/2023 8:16:58
OrderID0000064,Pot4,3/5/2023 11:48:15
OrderID0000065,Pan4,3/5/2023 12:49:50
OrderID0000066,Pan2,3/5/2023 13:41:50
OrderID0000067,Pan3,3/5/2023 15:10:05
OrderID0000068,Pot1,3/5/2023 18:55:12
OrderID0000069,Pot4,3/5/2023 20:22:41
OrderID0000070,Pan2,3/5/2023 21:44:25
OrderID0000071,Pan1,3/5/2023 23:01:19
OrderID0000072,Pot1,3/6/2023 0:24:21
OrderID0000073,Pot4,3/6/2023 1:21:49
OrderID0000074,Pan4,3/6/2023 5:28:40
OrderID0000075,Pot1,3/6/2023 7:22:12
OrderID0000076,Pan1,3/6/2023 7:32:07
OrderID0000077,Pan3,3/6/2023 8:07:34
OrderID0000078,Pot3,3/6/2023 8:41:03
OrderID0000079,Pan4,3/6/2023 9:06:54
OrderID0000080,Pan2,3/6/2023 11:09:56
OrderID0000081,Pot1,3/6/2023 11:44:02
OrderID0000082,Pan4,3/6/2023 14:13:06
OrderID0000083,Pot4,3/6/2023 15:01:04
OrderID0000084,Pot2,3/6/2023 15:52:33
OrderID0000085,Pan2,3/6/2023 16:25:47
OrderID0000086,Pot1,3/6/2023 16:37:16
OrderID0000087,Pot4,3/6/2023 18:30:26
OrderID0000088,Pot4,3/6/2023 22:49:35
OrderID0000089,Pot2,3/6/2023 23:47:38
OrderID0000090,Pot1,3/7/2023 0:54:45
OrderID0000091,Pan2,3/7/2023 1:16:31
OrderID0000092,Pan2,3/7/2023 5:21:31
OrderID0000093,Pot4,3/7/2023 7:29:40
OrderID0000094,Pan4,3/7/2023 8:32:05
OrderID0000095,Pot4,3/7/2023 12:15:53
OrderID0000096,Pot3,3/7/2023 12:38:17
OrderID0000097,Pan1,3/7/2023 13:32:06
OrderID0000098,Pan2,3/7/2023 13:41:01
OrderID0000099,Pot4,3/7/2023 14:46:58
OrderID0000100,Pot2,3/7/2023 15:42:45
OrderID0000101,Pan4,3/7/2023 17:38:23
OrderID0000102,Pan2,3/7/2023 18:11:46
OrderID0000103,Pot2,3/7/2023 20:15:48
OrderID0000104,Pot1,3/7/2023 20:33:56
OrderID0000105,Pot4,3/7/2023 21:41:09
OrderID0000106,Pan3,3/7/2023 23:47:50
OrderID0000107,Pan2,3/8/2023 0:20:02
OrderID0000108,Pot2,3/8/2023 5:02:27
OrderID0000109,Pot1,3/8/2023 5:57:56
OrderID0000110,Pot4,3/8/2023 9:39:07
OrderID0000111,Pan2,3/8/2023 11:40:41
OrderID0000112,Pot1,3/8/2023 11:53:56
OrderID0000113,Pot1,3/8/2023 19:14:25
OrderID0000114,Pot4,3/8/2023 20:06:01
OrderID0000115,Pan2,3/8/2023 23:05:31
OrderID0000116,Pan2,3/9/2023 1:22:33
OrderID0000117,Pot3,3/9/2023 2:31:18
OrderID0000118,Pot2,3/9/2023 2:49:15
OrderID0000119,Pot1,3/9/2023 2:58:22
OrderID0000120,Pot4,3/9/2023 3:45:03
OrderID0000121,Pan4,3/9/2023 5:25:21
OrderID0000122,Pan2,3/9/2023 6:12:18
OrderID0000123,Pot4,3/9/2023 9:09:51
OrderID0000124,Pan3,3/9/2023 12:55:48
OrderID0000125,Pot4,3/9/2023 13:35:07
OrderID0000126,Pot2,3/9/2023 13:41:44
OrderID0000127,Pot3,3/9/2023 14:48:11
OrderID0000128,Pot1,3/9/2023 15:09:46
OrderID0000129,Pan4,3/9/2023 16:35:22
OrderID0000130,Pan2,3/9/2023 20:15:07
OrderID0000131,Pot1,3/9/2023 22:00:14
OrderID0000132,Pot4,3/9/2023 23:17:48
OrderID0000133,Pan4,3/10/2023 1:22:05
OrderID0000134,Pot2,3/10/2023 4:58:22
OrderID0000135,Pot4,3/10/2023 5:29:39
OrderID0000136,Pan1,3/10/2023 6:30:09
OrderID0000137,Pan2,3/10/2023 8:53:16
OrderID0000138,Pan4,3/10/2023 9:59:39
OrderID0000139,Pot1,3/10/2023 11:06:24
OrderID0000140,Pot2,3/10/2023 11:54:46
OrderID0000141,Pan2,3/10/2023 13:11:40
OrderID0000142,Pot4,3/10/2023 15:23:50
OrderID0000143,Pot1,3/10/2023 19:18:06
OrderID0000144,Pan2,3/10/2023 21:02:43
OrderID0000145,Pan2,3/11/2023 0:01:55
OrderID0000146,Pot2,3/11/2023 0:08:24
OrderID0000147,Pan3,3/11/2023 0:27:49
OrderID0000148,Pan1,3/11/2023 0:58:58
OrderID0000149,Pot1,3/11/2023 1:03:01
OrderID0000150,Pot3,3/11/2023 1:28:52
OrderID0000151,Pan4,3/11/2023 3:11:28
OrderID0000152,Pan2,3/11/2023 6:14:00
OrderID0000153,Pot1,3/11/2023 6:32:38
OrderID0000154,Pot2,3/11/2023 9:31:48
OrderID0000155,Pot4,3/11/2023 11:17:38
OrderID0000156,Pot2,3/11/2023 13:20:02
OrderID0000157,Pan4,3/11/2023 15:53:08
OrderID0000158,Pot4,3/11/2023 16:46:23
OrderID0000159,Pan2,3/11/2023 17:12:58
OrderID0000160,Pan2,3/11/2023 19:24:25
OrderID0000161,Pot4,3/11/2023 20:15:30
OrderID0000162,Pot2,3/11/2023 21:16:10
OrderID0000163,Pan2,3/11/2023 22:25:47
OrderID0000164,Pot1,3/11/2023 23:37:29
OrderID0000165,Pot1,3/12/2023 2:56:18
OrderID0000166,Pan4,3/12/2023 3:34:46
OrderID0000167,Pot4,3/12/2023 5:09:44
OrderID0000168,Pan2,3/12/2023 7:02:34
OrderID0000169,Pot1,3/12/2023 7:29:33
OrderID0000170,Pan1,3/12/2023 7:49:09
OrderID0000171,Pot2,3/12/2023 10:43:32
OrderID0000172,Pan4,3/12/2023 12:13:45
OrderID0000173,Pot4,3/12/2023 13:35:19
OrderID0000174,Pot1,3/12/2023 13:51:13
OrderID0000175,Pan2,3/12/2023 14:17:07
OrderID0000176,Pot1,3/12/2023 19:58:59
OrderID0000177,Pan4,3/12/2023 21:24:04
OrderID0000178,Pot3,3/12/2023 21:49:19
OrderID0000179,Pan2,3/12/2023 22:33:38
OrderID0000180,Pot2,3/12/2023 23:29:21
OrderID0000181,Pan2,3/13/2023 3:51:09
OrderID0000182,Pot1,3/13/2023 8:33:55
OrderID0000183,Pot4,3/13/2023 10:52:10
OrderID0000184,Pan2,3/13/2023 12:09:58
OrderID0000185,Pot4,3/13/2023 14:35:31
OrderID0000186,Pot2,3/13/2023 16:50:37
OrderID0000187,Pan2,3/13/2023 19:28:41
OrderID0000188,Pan3,3/13/2023 19:38:12
OrderID0000189,Pot3,3/13/2023 19:44:23
OrderID0000190,Pot4,3/13/2023 20:46:26
OrderID0000191,Pot2,3/13/2023 22:55:33
OrderID0000192,Pan4,3/13/2023 23:27:14
OrderID0000193,Pot1,3/14/2023 2:05:29
OrderID0000194,Pan2,3/14/2023 2:14:16
OrderID0000195,Pan1,3/14/2023 6:49:12
OrderID0000196,Pot2,3/14/2023 9:07:30
OrderID0000197,Pan2,3/14/2023 11:41:15
OrderID0000198,Pot4,3/14/2023 11:58:32
OrderID0000199,Pan4,3/14/2023 15:11:38
OrderID0000200,Pan3,3/14/2023 16:03:39
OrderID0000201,Pot1,3/14/2023 19:34:58
OrderID0000202,Pot4,3/14/2023 21:31:44
OrderID0000203,Pan2,3/15/2023 1:28:07
OrderID0000204,Pot1,3/15/2023 5:27:08
OrderID0000205,Pot4,3/15/2023 5:32:28
OrderID0000206,Pan1,3/15/2023 9:21:56
OrderID0000207,Pan2,3/15/2023 11:31:22
OrderID0000208,Pot2,3/15/2023 11:50:10
OrderID0000209,Pan2,3/15/2023 12:40:20
OrderID0000210,Pot4,3/15/2023 15:15:20
OrderID0000211,Pot1,3/15/2023 15:44:12
OrderID0000212,Pan3,3/15/2023 16:30:35
OrderID0000213,Pot2,3/15/2023 18:15:29
OrderID0000214,Pot3,3/15/2023 18:35:58
OrderID0000215,Pot4,3/15/2023 19:38:20
OrderID0000216,Pan2,3/15/2023 20:53:51
OrderID0000217,Pan4,3/15/2023 21:22:44
OrderID0000218,Pan2,3/16/2023 2:25:00
OrderID0000219,Pan3,3/16/2023 4:06:22
OrderID0000220,Pot4,3/16/2023 5:27:40
OrderID0000221,Pot2,3/16/2023 5:42:01
OrderID0000222,Pot4,3/16/2023 8:22:44
OrderID0000223,Pan2,3/16/2023 12:09:05
OrderID0000224,Pot1,3/16/2023 12:15:11
OrderID0000225,Pan4,3/16/2023 13:46:20
OrderID0000226,Pot1,3/16/2023 14:28:29
OrderID0000227,Pan3,3/16/2023 16:05:46
OrderID0000228,Pan2,3/16/2023 18:02:37
OrderID0000229,Pot1,3/16/2023 19:00:36
OrderID0000230,Pot4,3/17/2023 0:41:24
OrderID0000231,Pan2,3/17/2023 1:25:40
OrderID0000232,Pot2,3/17/2023 6:58:06
OrderID0000233,Pot3,3/17/2023 7:13:10
OrderID0000234,Pan2,3/17/2023 7:22:30
OrderID0000235,Pot1,3/17/2023 8:24:08
OrderID0000236,Pan1,3/17/2023 11:46:30
OrderID0000237,Pot4,3/17/2023 11:57:26
OrderID0000238,Pot1,3/17/2023 12:44:54
OrderID0000239,Pot3,3/17/2023 15:19:28
OrderID0000240,Pan4,3/17/2023 15:21:43
OrderID0000241,Pan2,3/17/2023 17:39:22
OrderID0000242,Pan2,3/17/2023 20:35:55
OrderID0000243,Pan3,3/17/2023 20:46:58
OrderID0000244,Pot4,3/18/2023 1:32:14
OrderID0000245,Pan2,3/18/2023 3:10:26
OrderID0000246,Pot4,3/18/2023 4:40:28
OrderID0000247,Pan1,3/18/2023 6:27:53
OrderID0000248,Pan3,3/18/2023 7:35:40
OrderID0000249,Pot2,3/18/2023 7:51:17
OrderID0000250,Pan4,3/18/2023 8:54:41
OrderID0000251,Pot1,3/18/2023 9:39:04
OrderID0000252,Pot3,3/18/2023 11:50:14
OrderID0000253,Pot4,3/18/2023 11:51:11
OrderID0000254,Pot2,3/18/2023 17:24:36
OrderID0000255,Pot4,3/18/2023 19:16:47
OrderID0000256,Pan4,3/18/2023 20:12:44
OrderID0000257,Pan2,3/18/2023 21:19:10
OrderID0000258,Pot4,3/19/2023 1:01:13
OrderID0000259,Pan2,3/19/2023 1:16:27
OrderID0000260,Pan4,3/19/2023 2:07:47
OrderID0000261,Pot1,3/19/2023 4:14:15
OrderID0000262,Pan4,3/19/2023 4:32:22
OrderID0000263,Pan1,3/19/2023 5:30:10
OrderID0000264,Pan2,3/19/2023 10:17:22
OrderID0000265,Pot4,3/19/2023 12:20:01
OrderID0000266,Pot1,3/19/2023 15:57:35
OrderID0000267,Pot2,3/19/2023 15:59:33
OrderID0000268,Pan4,3/19/2023 19:17:53
OrderID0000269,Pan2,3/19/2023 19:54:25
OrderID0000270,Pot1,3/19/2023 21:08:43
OrderID0000271,Pan2,3/20/2023 1:09:21
OrderID0000272,Pot2,3/20/2023 1:33:11
OrderID0000273,Pot4,3/20/2023 4:48:18
OrderID0000274,Pot1,3/20/2023 5:34:25
OrderID0000275,Pan2,3/20/2023 8:00:40
OrderID0000276,Pan1,3/20/2023 9:11:02
OrderID0000277,Pot1,3/20/2023 10:28:15
OrderID0000278,Pan3,3/20/2023 11:05:24
OrderID0000279,Pot3,3/20/2023 11:32:24
OrderID0000280,Pot4,3/20/2023 12:48:38
OrderID0000281,Pan4,3/20/2023 13:29:17
OrderID0000282,Pan2,3/20/2023 14:24:46
OrderID0000283,Pot1,3/20/2023 16:10:00
OrderID0000284,Pan2,3/20/2023 19:06:37
OrderID0000285,Pot1,3/20/2023 21:21:46
OrderID0000286,Pot4,3/20/2023 23:15:21
OrderID0000287,Pan3,3/21/2023 2:19:54
OrderID0000288,Pot2,3/21/2023 4:09:50
OrderID0000289,Pan4,3/21/2023 4:47:10
OrderID0000290,Pot4,3/21/2023 5:11:57
OrderID0000291,Pot1,3/21/2023 6:58:00
OrderID0000292,Pot3,3/21/2023 8:20:08
OrderID0000293,Pan2,3/21/2023 9:18:34
OrderID0000294,Pan4,3/21/2023 11:44:25
OrderID0000295,Pot1,3/21/2023 15:10:52
OrderID0000296,Pot4,3/21/2023 16:05:11
OrderID0000297,Pan2,3/21/2023 18:42:44
OrderID0000298,Pot4,3/21/2023 19:05:14
OrderID0000299,Pan3,3/22/2023 0:04:31
OrderID0000300,Pot4,3/22/2023 0:23:01
OrderID0000301,Pan2,3/22/2023 0:44:25
OrderID0000302,Pot2,3/22/2023 3:23:11
OrderID0000303,Pan1,3/22/2023 4:15:32
OrderID0000304,Pot1,3/22/2023 6:49:45
OrderID0000305,Pan4,3/22/2023 7:48:50
OrderID0000306,Pot4,3/22/2023 7:57:46
OrderID0000307,Pan2,3/22/2023 8:30:23
OrderID0000308,Pan3,3/22/2023 11:59:44
OrderID0000309,Pan2,3/22/2023 12:05:12
OrderID0000310,Pot1,3/22/2023 13:03:44
OrderID0000311,Pot4,3/22/2023 13:15:45
OrderID0000312,Pan2,3/22/2023 14:50:58
OrderID0000313,Pot2,3/22/2023 15:13:39
OrderID0000314,Pot1,3/22/2023 20:26:55
OrderID0000315,Pot4,3/22/2023 20:35:05
OrderID0000316,Pot3,3/22/2023 21:51:56
OrderID0000317,Pan2,3/23/2023 0:37:45
OrderID0000318,Pot4,3/23/2023 0:59:56
OrderID0000319,Pan1,3/23/2023 3:49:16
OrderID0000320,Pan2,3/23/2023 5:45:34
OrderID0000321,Pot1,3/23/2023 6:06:03
OrderID0000322,Pan2,3/23/2023 9:25:04
OrderID0000323,Pot4,3/23/2023 9:32:06
OrderID0000324,Pan2,3/23/2023 12:20:40
OrderID0000325,Pan4,3/23/2023 13:19:06
OrderID0000326,Pan3,3/23/2023 14:14:35
OrderID0000327,Pot4,3/23/2023 14:58:34
OrderID0000328,Pot2,3/23/2023 15:08:17
OrderID0000329,Pot1,3/23/2023 15:35:34
OrderID0000330,Pan2,3/23/2023 18:32:16
OrderID0000331,Pan1,3/23/2023 18:35:26
OrderID0000332,Pan4,3/23/2023 19:36:04
OrderID0000333,Pot4,3/23/2023 20:32:11
OrderID0000334,Pan2,3/23/2023 22:34:18
OrderID0000335,Pot3,3/23/2023 23:14:54
OrderID0000336,Pot2,3/24/2023 6:07:44
OrderID0000337,Pot1,3/24/2023 6:18:34
OrderID0000338,Pot4,3/24/2023 6:54:02
OrderID0000339,Pan2,3/24/2023 6:59:47
OrderID0000340,Pan2,3/24/2023 11:10:11
OrderID0000341,Pot1,3/24/2023 13:38:18
OrderID0000342,Pan4,3/24/2023 15:23:56
OrderID0000343,Pan1,3/24/2023 16:57:58
OrderID0000344,Pan2,3/24/2023 18:11:13
OrderID0000345,Pot4,3/24/2023 21:01:05
OrderID0000346,Pan2,3/24/2023 21:35:16
OrderID0000347,Pot2,3/24/2023 22:06:42
OrderID0000348,Pot4,3/24/2023 23:02:54
OrderID0000349,Pan3,3/25/2023 0:51:47
OrderID0000350,Pot1,3/25/2023 1:45:08
OrderID0000351,Pan4,3/25/2023 1:53:35
OrderID0000352,Pot4,3/25/2023 4:05:31
OrderID0000353,Pan2,3/25/2023 7:31:38
OrderID0000354,Pot4,3/25/2023 10:16:05
OrderID0000355,Pan2,3/25/2023 10:40:42
OrderID0000356,Pot1,3/25/2023 12:31:14
OrderID0000357,Pan4,3/25/2023 15:25:51
OrderID0000358,Pot2,3/25/2023 15:26:48
OrderID0000359,Pot4,3/25/2023 18:41:43
OrderID0000360,Pot1,3/25/2023 20:47:35
OrderID0000361,Pot3,3/25/2023 21:47:28
OrderID0000362,Pan3,3/25/2023 23:44:53
OrderID0000363,Pot4,3/26/2023 3:26:14
OrderID0000364,Pot2,3/26/2023 4:21:27
OrderID0000365,Pan2,3/26/2023 5:42:31
OrderID0000366,Pan4,3/26/2023 9:12:44
OrderID0000367,Pot2,3/26/2023 9:36:02
OrderID0000368,Pan1,3/26/2023 10:29:27
OrderID0000369,Pot1,3/26/2023 11:14:32
OrderID0000370,Pot4,3/26/2023 11:33:46
OrderID0000371,Pan2,3/26/2023 11:42:43
OrderID0000372,Pot3,3/26/2023 15:08:17
OrderID0000373,Pot2,3/26/2023 15:45:21
OrderID0000374,Pan2,3/26/2023 17:31:04
OrderID0000375,Pot1,3/26/2023 17:54:08
OrderID0000376,Pan2,3/26/2023 19:17:48
OrderID0000377,Pot4,3/26/2023 19:23:54
OrderID0000378,Pot4,3/26/2023 22:07:18
OrderID0000379,Pan1,3/27/2023 0:02:12
OrderID0000380,Pan4,3/27/2023 4:26:45
OrderID0000381,Pot4,3/27/2023 5:21:19
OrderID0000382,Pot1,3/27/2023 7:16:45
OrderID0000383,Pan2,3/27/2023 8:19:12
OrderID0000384,Pot2,3/27/2023 9:41:57
OrderID0000385,Pot4,3/27/2023 11:33:02
OrderID0000386,Pan1,3/27/2023 14:09:36
OrderID0000387,Pan2,3/27/2023 16:57:34
OrderID0000388,Pan4,3/27/2023 17:39:29
OrderID0000389,Pot4,3/27/2023 19:58:58
OrderID0000390,Pot2,3/27/2023 20:42:06
OrderID0000391,Pot1,3/27/2023 22:05:56
OrderID0000392,Pot1,3/28/2023 1:56:57
OrderID0000393,Pan3,3/28/2023 2:18:59
OrderID0000394,Pot4,3/28/2023 4:13:31
OrderID0000395,Pan2,3/28/2023 5:38:44
OrderID0000396,Pot3,3/28/2023 6:41:17
OrderID0000397,Pot4,3/28/2023 10:16:59
OrderID0000398,Pan4,3/28/2023 12:09:12
OrderID0000399,Pot4,3/28/2023 15:13:03
OrderID0000400,Pan2,3/28/2023 19:04:32
OrderID0000401,Pot4,3/28/2023 20:40:50
OrderID0000402,Pot1,3/28/2023 21:49:00
OrderID0000403,Pot4,3/29/2023 1:24:46
OrderID0000404,Pan2,3/29/2023 2:35:28
OrderID0000405,Pan1,3/29/2023 3:12:12
OrderID0000406,Pan4,3/29/2023 4:35:03
OrderID0000407,Pot2,3/29/2023 5:13:49
OrderID0000408,Pot1,3/29/2023 6:38:59
OrderID0000409,Pan4,3/29/2023 9:03:11
OrderID0000410,Pot4,3/29/2023 12:23:11
OrderID0000411,Pan2,3/29/2023 12:24:53
OrderID0000412,Pot3,3/29/2023 12:55:04
OrderID0000413,Pan3,3/29/2023 14:01:18
OrderID0000414,Pot1,3/29/2023 16:00:20
OrderID0000415,Pan4,3/29/2023 17:44:00
OrderID0000416,Pot1,3/29/2023 20:27:00
OrderID0000417,Pan2,3/29/2023 20:56:54
OrderID0000418,Pot4,3/29/2023 21:46:42
OrderID0000419,Pot2,3/30/2023 0:17:09
OrderID0000420,Pot4,3/30/2023 0:23:56
OrderID0000421,Pan2,3/30/2023 1:09:23
OrderID0000422,Pot3,3/30/2023 7:16:57
OrderID0000423,Pot4,3/30/2023 7:25:49
OrderID0000424,Pan4,3/30/2023 8:36:51
OrderID0000425,Pan2,3/30/2023 10:34:27
OrderID0000426,Pan2,3/30/2023 15:25:51
OrderID0000427,Pot1,3/30/2023 16:35:10
OrderID0000428,Pan4,3/30/2023 17:30:34
OrderID0000429,Pot2,3/30/2023 19:02:19
OrderID0000430,Pan3,3/30/2023 20:01:25
OrderID0000431,Pot4,3/30/2023 20:29:37
OrderID0000432,Pan2,3/30/2023 22:41:18
OrderID0000433,Pot1,3/31/2023 0:46:56
OrderID0000434,Pot4,3/31/2023 1:14:45
OrderID0000435,Pot1,3/31/2023 3:26:04
OrderID0000436,Pan2,3/31/2023 3:48:04
OrderID0000437,Pan1,3/31/2023 6:18:29
OrderID0000438,Pot4,3/31/2023 6:50:28
OrderID0000439,Pan2,3/31/2023 6:52:04
OrderID0000440,Pot4,3/31/2023 9:19:54
OrderID0000441,Pan2,3/31/2023 9:45:41
OrderID0000442,Pot2,3/31/2023 11:15:44
OrderID0000443,Pot3,3/31/2023 12:47:18
OrderID0000444,Pot1,3/31/2023 15:16:29
OrderID0000445,Pot4,3/31/2023 18:11:48
OrderID0000446,Pan3,3/31/2023 18:25:29
OrderID0000447,Pan1,3/31/2023 21:21:16
OrderID0000448,Pan4,3/31/2023 21:56:35
OrderID0000449,Pan2,3/31/2023 22:13:28
OrderID0000450,Pot4,3/31/2023 23:50:59
OrderID0000451,Pan2,4/1/2023 1:11:13
OrderID0000452,Pan2,4/1/2023 3:04:39
OrderID0000453,Pan2,4/1/2023 4:07:39
OrderID0000454,Pan2,4/1/2023 4:41:46
OrderID0000455,Pan2,4/1/2023 5:58:50
OrderID0000456,Pot1,4/1/2023 7:49:49
OrderID0000457,Pan2,4/1/2023 8:16:54
OrderID0000458,Pot4,4/1/2023 8:28:05
OrderID0000459,Pan2,4/1/2023 11:15:49
OrderID0000460,Pan2,4/1/2023 12:48:00
OrderID0000461,Pan2,4/1/2023 15:20:56
OrderID0000462,Pot4,4/1/2023 16:59:49
OrderID0000463,Pot1,4/1/2023 17:37:19
OrderID0000464,Pan2,4/1/2023 17:48:17
OrderID0000465,Pot2,4/1/2023 18:36:12
OrderID0000466,Pan2,4/1/2023 19:56:52
OrderID0000467,Pan2,4/1/2023 22:28:13
OrderID0000468,Pan2,4/1/2023 23:31:05
OrderID0000469,Pan2,4/2/2023 0:33:05
OrderID0000470,Pot4,4/2/2023 4:10:27
OrderID0000471,Pot1,4/2/2023 4:14:17
OrderID0000472,Pan2,4/2/2023 4:46:23
OrderID0000473,Pan2,4/2/2023 6:53:10
OrderID0000474,Pan2,4/2/2023 7:29:53
OrderID0000475,Pan2,4/2/2023 8:45:46
OrderID0000476,Pan2,4/2/2023 10:04:44
OrderID0000477,Pot1,4/2/2023 10:38:27
OrderID0000478,Pan2,4/2/2023 12:28:17
OrderID0000479,Pot4,4/2/2023 14:43:41
OrderID0000480,Pan2,4/2/2023 15:11:18
OrderID0000481,Pan2,4/2/2023 16:47:09
OrderID0000482,Pan2,4/2/2023 19:51:44
OrderID0000483,Pan2,4/2/2023 22:05:15
OrderID0000484,Pan2,4/2/2023 23:13:53
OrderID0000485,Pot4,4/3/2023 0:48:29
OrderID0000486,Pan2,4/3/2023 1:28:54
OrderID0000487,Pot1,4/3/2023 2:56:20
OrderID0000488,Pan2,4/3/2023 3:21:20
OrderID0000489,Pan2,4/3/2023 4:14:43
OrderID0000490,Pan2,4/3/2023 6:31:05
OrderID0000491,Pan2,4/3/2023 7:32:56
OrderID0000492,Pan2,4/3/2023 10:03:39
OrderID0000493,Pot4,4/3/2023 12:38:33
OrderID0000494,Pan2,4/3/2023 12:51:03
OrderID0000495,Pot1,4/3/2023 13:01:17
OrderID0000496,Pot2,4/3/2023 13:31:29
OrderID0000497,Pot4,4/3/2023 13:55:18
OrderID0000498,Pan2,4/3/2023 15:04:15
OrderID0000499,Pan2,4/3/2023 18:20:40
OrderID0000500,Pan2,4/3/2023 20:38:01
OrderID0000501,Pot4,4/3/2023 21:38:40
OrderID0000502,Pan2,4/3/2023 22:02:31
OrderID0000503,Pan2,4/3/2023 23:01:58
OrderID0000504,Pan2,4/4/2023 0:11:21
OrderID0000505,Pot1,4/4/2023 1:11:44
OrderID0000506,Pan2,4/4/2023 2:29:15
OrderID0000507,Pan2,4/4/2023 4:32:20
OrderID0000508,Pan2,4/4/2023 5:19:58
OrderID0000509,Pot2,4/4/2023 8:31:42
OrderID0000510,Pan2,4/4/2023 9:07:50
OrderID0000511,Pot1,4/4/2023 10:04:08
OrderID0000512,Pan2,4/4/2023 10:44:14
OrderID0000513,Pot4,4/4/2023 12:17:09
OrderID0000514,Pan2,4/4/2023 12:29:41
OrderID0000515,Pan2,4/4/2023 13:41:07
OrderID0000516,Pot1,4/4/2023 13:43:39
OrderID0000517,Pan2,4/4/2023 14:42:07
OrderID0000518,Pan2,4/4/2023 17:40:57
OrderID0000519,Pan2,4/4/2023 19:10:35
OrderID0000520,Pan2,4/4/2023 22:43:27
OrderID0000521,Pot1,4/4/2023 23:30:00
OrderID0000522,Pan2,4/5/2023 0:59:41
OrderID0000523,Pan4,4/5/2023 2:40:57
OrderID0000524,Pan2,4/5/2023 3:32:21
OrderID0000525,Pot1,4/5/2023 6:09:30
OrderID0000526,Pot4,4/5/2023 6:56:13
OrderID0000527,Pan4,4/5/2023 7:18:33
OrderID0000528,Pan2,4/5/2023 7:35:37
OrderID0000529,Pan2,4/5/2023 9:36:43
OrderID0000530,Pot2,4/5/2023 10:49:50
OrderID0000531,Pot1,4/5/2023 12:15:33
OrderID0000532,Pan4,4/5/2023 12:51:34
OrderID0000533,Pan2,4/5/2023 16:02:56
OrderID0000534,Pan2,4/5/2023 18:46:36
OrderID0000535,Pan4,4/5/2023 18:51:15
OrderID0000536,Pan2,4/5/2023 20:33:27
OrderID0000537,Pot1,4/5/2023 20:52:31
OrderID0000538,Pan2,4/5/2023 21:47:15
OrderID0000539,Pot4,4/5/2023 21:57:48
OrderID0000540,Pan4,4/5/2023 23:28:42
OrderID0000541,Pan2,4/6/2023 0:03:53
OrderID0000542,Pan4,4/6/2023 1:36:46
OrderID0000543,Pan2,4/6/2023 2:14:08
OrderID0000544,Pan2,4/6/2023 4:58:14
OrderID0000545,Pot4,4/6/2023 5:38:20
OrderID0000546,Pot2,4/6/2023 5:56:13
OrderID0000547,Pan2,4/6/2023 6:23:04
OrderID0000548,Pan4,4/6/2023 7:13:19
OrderID0000549,Pot4,4/6/2023 8:46:34
OrderID0000550,Pot2,4/6/2023 11:57:18
OrderID0000551,Pot1,4/6/2023 12:06:00
OrderID0000552,Pan2,4/6/2023 12:12:07
OrderID0000553,Pan4,4/6/2023 13:18:35
OrderID0000554,Pan2,4/6/2023 13:32:32
OrderID0000555,Pan2,4/6/2023 16:07:25
OrderID0000556,Pot4,4/6/2023 16:12:08
OrderID0000557,Pan4,4/6/2023 16:57:08
OrderID0000558,Pot1,4/6/2023 17:22:23
OrderID0000559,Pan2,4/6/2023 20:13:01
OrderID0000560,Pan4,4/6/2023 21:05:31
OrderID0000561,Pan2,4/6/2023 23:53:56
OrderID0000562,Pan4,4/7/2023 0:45:56
OrderID0000563,Pan2,4/7/2023 2:20:45
OrderID0000564,Pan4,4/7/2023 3:16:53
OrderID0000565,Pan2,4/7/2023 4:31:25
OrderID0000566,Pot1,4/7/2023 4:46:34
OrderID0000567,Pan4,4/7/2023 7:37:56
OrderID0000568,Pot4,4/7/2023 7:38:36
OrderID0000569,Pan2,4/7/2023 10:06:39
OrderID0000570,Pan2,4/7/2023 11:18:40
OrderID0000571,Pot1,4/7/2023 11:49:18
OrderID0000572,Pan4,4/7/2023 13:54:42
OrderID0000573,Pan2,4/7/2023 15:15:40
OrderID0000574,Pan4,4/7/2023 16:24:45
OrderID0000575,Pan2,4/7/2023 17:55:56
OrderID0000576,Pot2,4/7/2023 18:34:54
OrderID0000577,Pot4,4/7/2023 20:14:46
OrderID0000578,Pan2,4/7/2023 21:02:48
OrderID0000579,Pot1,4/7/2023 23:48:01
OrderID0000580,Pan4,4/8/2023 1:55:30
OrderID0000581,Pan2,4/8/2023 3:49:26
OrderID0000582,Pot1,4/8/2023 5:29:46
OrderID0000583,Pot4,4/8/2023 5:42:01
OrderID0000584,Pan4,4/8/2023 8:40:02
OrderID0000585,Pot4,4/8/2023 9:10:11
OrderID0000586,Pan2,4/8/2023 9:17:41
OrderID0000587,Pot1,4/8/2023 12:23:45
OrderID0000588,Pan2,4/8/2023 12:49:42
OrderID0000589,Pan4,4/8/2023 13:29:35
OrderID0000590,Pan2,4/8/2023 15:21:48
OrderID0000591,Pan2,4/8/2023 17:47:17
OrderID0000592,Pot1,4/8/2023 18:38:48
OrderID0000593,Pan4,4/8/2023 19:09:36
OrderID0000594,Pan2,4/8/2023 21:53:59
OrderID0000595,Pot4,4/8/2023 22:24:30
OrderID0000596,Pan2,4/8/2023 22:25:43
OrderID0000597,Pan4,4/9/2023 0:09:37
OrderID0000598,Pan2,4/9/2023 0:54:41
OrderID0000599,Pan2,4/9/2023 2:06:59
OrderID0000600,Pan4,4/9/2023 2:46:29
OrderID0000601,Pot1,4/9/2023 6:12:25
OrderID0000602,Pan2,4/9/2023 7:15:30
OrderID0000603,Pan4,4/9/2023 8:29:48
OrderID0000604,Pot4,4/9/2023 8:53:48
OrderID0000605,Pan2,4/9/2023 9:25:37
OrderID0000606,Pan2,4/9/2023 10:17:35
OrderID0000607,Pan2,4/9/2023 11:47:48
OrderID0000608,Pot4,4/9/2023 13:02:12
OrderID0000609,Pan4,4/9/2023 13:09:59
OrderID0000610,Pot1,4/9/2023 14:18:33
OrderID0000611,Pan4,4/9/2023 14:54:57
OrderID0000612,Pan2,4/9/2023 16:19:05
OrderID0000613,Pot4,4/9/2023 18:25:10
OrderID0000614,Pan2,4/9/2023 19:30:39
OrderID0000615,Pan4,4/9/2023 21:48:51
OrderID0000616,Pot4,4/10/2023 1:07:13
OrderID0000617,Pan4,4/10/2023 1:17:12
OrderID0000618,Pan2,4/10/2023 1:33:19
OrderID0000619,Pot2,4/10/2023 3:53:24
OrderID0000620,Pan4,4/10/2023 4:58:13
OrderID0000621,Pot1,4/10/2023 5:14:20
OrderID0000622,Pan3,4/10/2023 5:35:48
OrderID0000623,Pan2,4/10/2023 6:08:38
OrderID0000624,Pot4,4/10/2023 8:17:22
OrderID0000625,Pan3,4/10/2023 10:36:22
OrderID0000626,Pot1,4/10/2023 11:13:13
OrderID0000627,Pan1,4/10/2023 12:20:35
OrderID0000628,Pan4,4/10/2023 12:49:25
OrderID0000629,Pan2,4/10/2023 13:09:13
OrderID0000630,Pot4,4/10/2023 13:21:57
OrderID0000631,Pan3,4/10/2023 18:17:48
OrderID0000632,Pot1,4/10/2023 19:08:15
OrderID0000633,Pan1,4/10/2023 22:18:36
OrderID0000634,Pan2,4/10/2023 22:59:09
OrderID0000635,Pan4,4/10/2023 23:29:50
OrderID0000636,Pot1,4/11/2023 0:48:36
OrderID0000637,Pot4,4/11/2023 0:48:47
OrderID0000638,Pot2,4/11/2023 1:24:29
OrderID0000639,Pan4,4/11/2023 2:12:02
OrderID0000640,Pan3,4/11/2023 2:33:01
OrderID0000641,Pan2,4/11/2023 3:33:41
OrderID0000642,Pan4,4/11/2023 3:55:40
OrderID0000643,Pot4,4/11/2023 8:28:46
OrderID0000644,Pan4,4/11/2023 9:36:01
OrderID0000645,Pan2,4/11/2023 10:38:13
OrderID0000646,Pot2,4/11/2023 13:23:11
OrderID0000647,Pot1,4/11/2023 14:03:23
OrderID0000648,Pot4,4/11/2023 16:15:57
OrderID0000649,Pan4,4/11/2023 16:21:05
OrderID0000650,Pan1,4/11/2023 16:41:20
OrderID0000651,Pan3,4/11/2023 17:04:52
OrderID0000652,Pan4,4/11/2023 19:37:25
OrderID0000653,Pan2,4/11/2023 20:56:24
OrderID0000654,Pan3,4/11/2023 21:20:22
OrderID0000655,Pan4,4/12/2023 3:23:24
OrderID0000656,Pan3,4/12/2023 3:55:16
OrderID0000657,Pan1,4/12/2023 6:20:40
OrderID0000658,Pot4,4/12/2023 6:40:08
OrderID0000659,Pan4,4/12/2023 7:00:03
OrderID0000660,Pan4,4/12/2023 9:23:23
OrderID0000661,Pan3,4/12/2023 10:32:43
OrderID0000662,Pan1,4/12/2023 10:55:21
OrderID0000663,Pan2,4/12/2023 12:29:43
OrderID0000664,Pot2,4/12/2023 14:47:09
OrderID0000665,Pan3,4/12/2023 15:28:14
OrderID0000666,Pot1,4/12/2023 15:52:00
OrderID0000667,Pot4,4/12/2023 23:59:46
OrderID0000668,Pan4,4/13/2023 2:33:11
OrderID0000669,Pan1,4/13/2023 2:39:36
OrderID0000670,Pan3,4/13/2023 2:41:22
OrderID0000671,Pan2,4/13/2023 3:05:14
OrderID0000672,Pot4,4/13/2023 5:31:37
OrderID0000673,Pan4,4/13/2023 5:45:32
OrderID0000674,Pot1,4/13/2023 6:53:07
OrderID0000675,Pan3,4/13/2023 8:27:14
OrderID0000676,Pan4,4/13/2023 9:19:04
OrderID0000677,Pan2,4/13/2023 10:03:35
OrderID0000678,Pan4,4/13/2023 12:22:55
OrderID0000679,Pan3,4/13/2023 14:37:29
OrderID0000680,Pan2,4/13/2023 15:02:36
OrderID0000681,Pot2,4/13/2023 17:01:05
OrderID0000682,Pot4,4/13/2023 17:20:44
OrderID0000683,Pan3,4/13/2023 17:38:56
OrderID0000684,Pan4,4/13/2023 18:07:16
OrderID0000685,Pan1,4/13/2023 19:04:00
OrderID0000686,Pan3,4/13/2023 23:53:55
OrderID0000687,Pan4,4/14/2023 1:00:04
OrderID0000688,Pan2,4/14/2023 1:29:24
OrderID0000689,Pot1,4/14/2023 4:13:46
OrderID0000690,Pan4,4/14/2023 5:01:01
OrderID0000691,Pan4,4/14/2023 6:37:27
OrderID0000692,Pot4,4/14/2023 7:02:55
OrderID0000693,Pan3,4/14/2023 7:26:30
OrderID0000694,Pan4,4/14/2023 9:23:41
OrderID0000695,Pan2,4/14/2023 11:12:27
OrderID0000696,Pot1,4/14/2023 11:22:24
OrderID0000697,Pan4,4/14/2023 12:00:00
OrderID0000698,Pot4,4/14/2023 13:36:59
OrderID0000699,Pan1,4/14/2023 13:48:13
OrderID0000700,Pan3,4/14/2023 13:57:05
OrderID0000701,Pan4,4/14/2023 15:09:14
OrderID0000702,Pan3,4/14/2023 19:02:00
OrderID0000703,Pan2,4/14/2023 20:18:17
OrderID0000704,Pan4,4/14/2023 21:14:07
OrderID0000705,Pot1,4/14/2023 22:18:43
OrderID0000706,Pot4,4/14/2023 23:39:27
OrderID0000707,Pot1,4/15/2023 1:47:01
OrderID0000708,Pot4,4/15/2023 1:48:44
OrderID0000709,Pan4,4/15/2023 1:50:37
OrderID0000710,Pot1,4/15/2023 4:11:38
OrderID0000711,Pan1,4/15/2023 4:14:24
OrderID0000712,Pan4,4/15/2023 6:47:16
OrderID0000713,Pot4,4/15/2023 7:27:47
OrderID0000714,Pan3,4/15/2023 7:44:59
OrderID0000715,Pot2,4/15/2023 9:32:14
OrderID0000716,Pan4,4/15/2023 9:36:15
OrderID0000717,Pan1,4/15/2023 11:05:05
OrderID0000718,Pan4,4/15/2023 11:09:48
OrderID0000719,Pot4,4/15/2023 11:14:37
OrderID0000720,Pot1,4/15/2023 11:56:19
OrderID0000721,Pan2,4/15/2023 13:12:05
OrderID0000722,Pan4,4/15/2023 14:33:14
OrderID0000723,Pot1,4/15/2023 15:55:31
OrderID0000724,Pot4,4/15/2023 16:47:23
OrderID0000725,Pan1,4/15/2023 18:24:36
OrderID0000726,Pan3,4/15/2023 19:05:13
OrderID0000727,Pan4,4/15/2023 22:07:16
OrderID0000728,Pan2,4/16/2023 0:12:35
OrderID0000729,Pot4,4/16/2023 0:34:47
OrderID0000730,Pot1,4/16/2023 1:17:49
OrderID0000731,Pan4,4/16/2023 2:16:25
OrderID0000732,Pan3,4/16/2023 2:58:35
OrderID0000733,Pan4,4/16/2023 5:32:40
OrderID0000734,Pan4,4/16/2023 6:27:20
OrderID0000735,Pot4,4/16/2023 7:03:24
OrderID0000736,Pan4,4/16/2023 8:57:12
OrderID0000737,Pan2,4/16/2023 9:50:25
OrderID0000738,Pot1,4/16/2023 11:10:28
OrderID0000739,Pan3,4/16/2023 11:25:46
OrderID0000740,Pan4,4/16/2023 13:26:55
OrderID0000741,Pot4,4/16/2023 15:13:30
OrderID0000742,Pan4,4/16/2023 16:50:35
OrderID0000743,Pan3,4/16/2023 17:14:17
OrderID0000744,Pan1,4/16/2023 17:20:47
OrderID0000745,Pot2,4/16/2023 17:44:26
OrderID0000746,Pan4,4/16/2023 18:56:53
OrderID0000747,Pan2,4/16/2023 19:38:56
OrderID0000748,Pan4,4/16/2023 20:26:47
OrderID0000749,Pot1,4/16/2023 21:23:49
OrderID0000750,Pot4,4/16/2023 21:29:22
OrderID0000751,Pan3,4/16/2023 23:08:05
OrderID0000752,Pan4,4/17/2023 1:05:31
OrderID0000753,Pot1,4/17/2023 2:14:37
OrderID0000754,Pot1,4/17/2023 3:45:12
OrderID0000755,Pot4,4/17/2023 4:48:21
OrderID0000756,Pan4,4/17/2023 6:39:03
OrderID0000757,Pan1,4/17/2023 7:54:59
OrderID0000758,Pan2,4/17/2023 8:33:33
OrderID0000759,Pan3,4/17/2023 11:36:28
OrderID0000760,Pan2,4/17/2023 12:40:21
OrderID0000761,Pan3,4/17/2023 13:43:09
OrderID0000762,Pan4,4/17/2023 14:30:54
OrderID0000763,Pan4,4/17/2023 16:38:17
OrderID0000764,Pan2,4/17/2023 16:55:54
OrderID0000765,Pot2,4/17/2023 18:02:51
OrderID0000766,Pot1,4/17/2023 18:30:36
OrderID0000767,Pan3,4/17/2023 18:49:25
OrderID0000768,Pot4,4/17/2023 19:58:18
OrderID0000769,Pan1,4/17/2023 20:54:54
OrderID0000770,Pan4,4/17/2023 20:56:58
OrderID0000771,Pot1,4/18/2023 0:48:23
OrderID0000772,Pan2,4/18/2023 1:21:02
OrderID0000773,Pan3,4/18/2023 5:13:30
OrderID0000774,Pot1,4/18/2023 8:12:08
OrderID0000775,Pan2,4/18/2023 8:34:29
OrderID0000776,Pot4,4/18/2023 8:50:09
OrderID0000777,Pan1,4/18/2023 10:39:00
OrderID0000778,Pan3,4/18/2023 11:18:33
OrderID0000779,Pan4,4/18/2023 11:43:35
OrderID0000780,Pot1,4/18/2023 15:37:53
OrderID0000781,Pan4,4/18/2023 15:49:20
OrderID0000782,Pan4,4/18/2023 18:48:17
OrderID0000783,Pot2,4/18/2023 21:32:01
OrderID0000784,Pan2,4/18/2023 21:33:54
OrderID0000785,Pan3,4/18/2023 21:54:19
OrderID0000786,Pan4,4/18/2023 21:58:04
OrderID0000787,Pot4,4/18/2023 23:27:06
OrderID0000788,Pot1,4/19/2023 1:30:23
OrderID0000789,Pan4,4/19/2023 2:24:54
OrderID0000790,Pot4,4/19/2023 4:01:49
OrderID0000791,Pan4,4/19/2023 4:18:42
OrderID0000792,Pan1,4/19/2023 5:00:40
OrderID0000793,Pan3,4/19/2023 5:33:54
OrderID0000794,Pan2,4/19/2023 6:10:45
OrderID0000795,Pan4,4/19/2023 10:21:21
OrderID0000796,Pot2,4/19/2023 12:44:45
OrderID0000797,Pot4,4/19/2023 13:33:48
OrderID0000798,Pan4,4/19/2023 13:36:57
OrderID0000799,Pan4,4/19/2023 15:43:27
OrderID0000800,Pot4,4/19/2023 17:00:56
OrderID0000801,Pan3,4/19/2023 18:16:06
OrderID0000802,Pan2,4/19/2023 18:32:53
OrderID0000803,Pan1,4/19/2023 20:36:47
OrderID0000804,Pot1,4/19/2023 21:20:30
OrderID0000805,Pan2,4/19/2023 22:05:12
OrderID0000806,Pot4,4/20/2023 1:01:30
OrderID0000807,Pan4,4/20/2023 2:24:11
OrderID0000808,Pan3,4/20/2023 4:50:28
OrderID0000809,Pan4,4/20/2023 4:53:22
OrderID0000810,Pot2,4/20/2023 7:50:05
OrderID0000811,Pan4,4/20/2023 8:07:15
OrderID0000812,Pan3,4/20/2023 9:38:52
OrderID0000813,Pan2,4/20/2023 10:05:40
OrderID0000814,Pan1,4/20/2023 11:03:21
OrderID0000815,Pot1,4/20/2023 12:31:24
OrderID0000816,Pan4,4/20/2023 12:34:08
OrderID0000817,Pot4,4/20/2023 12:39:22
OrderID0000818,Pan3,4/20/2023 15:48:40
OrderID0000819,Pan4,4/20/2023 16:24:29
OrderID0000820,Pan3,4/20/2023 19:46:20
OrderID0000821,Pot1,4/20/2023 20:24:10
OrderID0000822,Pan3,4/20/2023 23:33:53
OrderID0000823,Pan4,4/21/2023 0:00:37
OrderID0000824,Pot2,4/21/2023 0:12:55
OrderID0000825,Pot4,4/21/2023 0:24:03
OrderID0000826,Pan4,4/21/2023 0:51:24
OrderID0000827,Pan1,4/21/2023 4:29:12
OrderID0000828,Pan4,4/21/2023 6:01:39
OrderID0000829,Pot2,4/21/2023 7:22:00
OrderID0000830,Pan3,4/21/2023 8:33:03
OrderID0000831,Pan2,4/21/2023 9:48:32
OrderID0000832,Pot4,4/21/2023 11:13:24
OrderID0000833,Pan4,4/21/2023 11:43:53
OrderID0000834,Pan4,4/21/2023 14:51:17
OrderID0000835,Pan3,4/21/2023 18:22:01
OrderID0000836,Pan4,4/21/2023 22:05:20
OrderID0000837,Pan2,4/21/2023 23:27:02
OrderID0000838,Pan3,4/22/2023 0:34:56
OrderID0000839,Pot3,4/22/2023 2:47:15
OrderID0000840,Pan2,4/22/2023 3:48:39
OrderID0000841,Pan4,4/22/2023 4:42:23
OrderID0000842,Pan3,4/22/2023 5:09:43
OrderID0000843,Pot4,4/22/2023 6:40:01
OrderID0000844,Pan4,4/22/2023 7:37:14
OrderID0000845,Pan3,4/22/2023 8:21:59
OrderID0000846,Pan2,4/22/2023 9:29:14
OrderID0000847,Pan4,4/22/2023 9:30:38
OrderID0000848,Pot4,4/22/2023 12:22:39
OrderID0000849,Pot1,4/22/2023 12:48:52
OrderID0000850,Pot3,4/22/2023 12:53:10
OrderID0000851,Pan2,4/22/2023 14:16:59
OrderID0000852,Pan4,4/22/2023 15:34:02
OrderID0000853,Pot4,4/22/2023 15:39:46
OrderID0000854,Pan2,4/22/2023 16:17:56
OrderID0000855,Pot3,4/22/2023 17:38:35
OrderID0000856,Pan1,4/22/2023 17:50:53
OrderID0000857,Pan3,4/22/2023 22:40:46
OrderID0000858,Pot4,4/22/2023 23:09:09
OrderID0000859,Pan2,4/22/2023 23:45:24
OrderID0000860,Pan3,4/23/2023 1:37:00
OrderID0000861,Pan4,4/23/2023 2:35:57
OrderID0000862,Pot3,4/23/2023 4:06:17
OrderID0000863,Pan4,4/23/2023 4:56:20
OrderID0000864,Pan1,4/23/2023 8:54:35
OrderID0000865,Pan2,4/23/2023 9:17:19
OrderID0000866,Pan4,4/23/2023 10:51:27
OrderID0000867,Pan3,4/23/2023 10:54:55
OrderID0000868,Pot3,4/23/2023 12:19:12
OrderID0000869,Pan4,4/23/2023 13:02:48
OrderID0000870,Pot4,4/23/2023 17:15:01
OrderID0000871,Pan3,4/23/2023 17:40:28
OrderID0000872,Pot1,4/23/2023 17:59:58
OrderID0000873,Pan4,4/23/2023 20:42:09
OrderID0000874,Pan2,4/23/2023 21:28:50
OrderID0000875,Pan3,4/23/2023 22:56:46
OrderID0000876,Pot4,4/23/2023 23:18:37
OrderID0000877,Pan4,4/24/2023 0:21:54
OrderID0000878,Pan4,4/24/2023 2:58:41
OrderID0000879,Pan4,4/24/2023 4:40:01
OrderID0000880,Pot1,4/24/2023 6:52:02
OrderID0000881,Pan2,4/24/2023 8:36:17
OrderID0000882,Pan4,4/24/2023 9:10:37
OrderID0000883,Pan1,4/24/2023 10:09:16
OrderID0000884,Pan3,4/24/2023 12:27:54
OrderID0000885,Pot3,4/24/2023 15:21:19
OrderID0000886,Pan1,4/24/2023 16:44:30
OrderID0000887,Pan4,4/24/2023 17:04:31
OrderID0000888,Pot4,4/24/2023 18:14:35
OrderID0000889,Pan3,4/24/2023 18:48:38
OrderID0000890,Pot3,4/24/2023 21:55:44
OrderID0000891,Pan2,4/24/2023 22:08:07
OrderID0000892,Pan4,4/25/2023 0:49:55
OrderID0000893,Pot4,4/25/2023 1:34:30
OrderID0000894,Pan3,4/25/2023 2:25:30
OrderID0000895,Pan2,4/25/2023 4:34:56
OrderID0000896,Pan4,4/25/2023 6:04:50
OrderID0000897,Pan1,4/25/2023 7:43:11
OrderID0000898,Pan3,4/25/2023 10:37:00
OrderID0000899,Pan2,4/25/2023 13:08:06
OrderID0000900,Pot1,4/25/2023 13:10:30
OrderID0000901,Pot4,4/25/2023 15:57:17
OrderID0000902,Pan4,4/25/2023 16:31:28
OrderID0000903,Pot3,4/25/2023 16:37:54
OrderID0000904,Pot4,4/25/2023 18:03:05
OrderID0000905,Pan3,4/25/2023 19:00:24
OrderID0000906,Pot1,4/25/2023 23:04:09
OrderID0000907,Pan2,4/25/2023 23:06:41
OrderID0000908,Pot3,4/25/2023 23:48:44
OrderID0000909,Pot4,4/26/2023 0:36:44
OrderID0000910,Pan3,4/26/2023 1:10:49
OrderID0000911,Pot4,4/26/2023 2:43:03
OrderID0000912,Pan1,4/26/2023 3:28:44
OrderID0000913,Pan3,4/26/2023 4:53:51
OrderID0000914,Pot4,4/26/2023 8:29:00
OrderID0000915,Pot1,4/26/2023 10:12:55
OrderID0000916,Pot4,4/26/2023 11:09:01
OrderID0000917,Pan3,4/26/2023 12:53:08
OrderID0000918,Pot4,4/26/2023 13:20:10
OrderID0000919,Pot4,4/26/2023 16:34:10
OrderID0000920,Pan2,4/26/2023 18:01:48
OrderID0000921,Pot3,4/26/2023 18:12:16
OrderID0000922,Pot3,4/26/2023 18:49:30
OrderID0000923,Pot4,4/26/2023 18:53:29
OrderID0000924,Pot4,4/26/2023 21:05:03
OrderID0000925,Pan1,4/26/2023 23:19:51
OrderID0000926,Pan3,4/26/2023 23:50:40
OrderID0000927,Pot1,4/26/2023 23:55:48
OrderID0000928,Pot4,4/27/2023 0:17:48
OrderID0000929,Pan2,4/27/2023 2:33:56
OrderID0000930,Pot4,4/27/2023 3:59:25
OrderID0000931,Pot4,4/27/2023 6:22:32
OrderID0000932,Pan3,4/27/2023 6:37:59
OrderID0000933,Pan1,4/27/2023 7:10:17
OrderID0000934,Pan2,4/27/2023 8:34:12
OrderID0000935,Pot4,4/27/2023 9:41:06
OrderID0000936,Pot4,4/27/2023 13:45:14
OrderID0000937,Pan3,4/27/2023 14:45:32
OrderID0000938,Pot4,4/27/2023 17:29:19
OrderID0000939,Pot1,4/27/2023 17:49:24
OrderID0000940,Pan2,4/27/2023 18:50:56
OrderID0000941,Pan3,4/27/2023 19:08:04
OrderID0000942,Pot3,4/27/2023 20:04:50
OrderID0000943,Pot3,4/27/2023 20:23:10
OrderID0000944,Pan1,4/27/2023 22:09:34
OrderID0000945,Pot4,4/27/2023 22:32:29
OrderID0000946,Pan3,4/28/2023 2:35:50
OrderID0000947,Pot4,4/28/2023 2:38:47
OrderID0000948,Pan2,4/28/2023 5:19:14
OrderID0000949,Pan1,4/28/2023 7:23:49
OrderID0000950,Pot4,4/28/2023 7:38:41
OrderID0000951,Pan3,4/28/2023 10:37:18
OrderID0000952,Pan2,4/28/2023 12:46:49
OrderID0000953,Pot4,4/28/2023 12:55:08
OrderID0000954,Pan1,4/28/2023 13:27:53
OrderID0000955,Pot4,4/28/2023 14:29:34
OrderID0000956,Pot4,4/28/2023 16:30:05
OrderID0000957,Pot3,4/28/2023 16:54:46
OrderID0000958,Pan3,4/28/2023 17:28:56
OrderID0000959,Pot3,4/28/2023 18:07:27
OrderID0000960,Pan1,4/28/2023 19:25:52
OrderID0000961,Pot4,4/28/2023 22:06:17
OrderID0000962,Pan3,4/28/2023 22:12:17
OrderID0000963,Pot1,4/28/2023 23:12:30
OrderID0000964,Pot4,4/29/2023 2:03:37
OrderID0000965,Pot3,4/29/2023 3:45:01
OrderID0000966,Pot4,4/29/2023 5:39:15
OrderID0000967,Pan1,4/29/2023 7:41:30
OrderID0000968,Pan3,4/29/2023 8:29:44
OrderID0000969,Pot4,4/29/2023 8:52:29
OrderID0000970,Pan2,4/29/2023 10:45:11
OrderID0000971,Pot4,4/29/2023 12:20:21
OrderID0000972,Pan3,4/29/2023 13:21:28
OrderID0000973,Pot3,4/29/2023 14:33:21
OrderID0000974,Pot4,4/29/2023 16:32:27
OrderID0000975,Pot4,4/29/2023 18:46:07
OrderID0000976,Pot4,4/29/2023 19:40:29
OrderID0000977,Pan1,4/29/2023 21:05:11
OrderID0000978,Pot4,4/29/2023 21:42:45
OrderID0000979,Pan3,4/29/2023 22:26:53
OrderID0000980,Pot4,4/30/2023 0:08:49
OrderID0000981,Pot1,4/30/2023 1:30:05
OrderID0000982,Pan3,4/30/2023 3:39:42
OrderID0000983,Pot4,4/30/2023 3:48:19
OrderID0000984,Pan2,4/30/2023 4:06:22
OrderID0000985,Pot3,4/30/2023 5:35:03
OrderID0000986,Pot4,4/30/2023 5:42:42
OrderID0000987,Pan3,4/30/2023 6:10:50
OrderID0000988,Pot3,4/30/2023 7:07:19
OrderID0000989,Pan3,4/30/2023 10:32:06
OrderID0000990,Pot4,4/30/2023 11:40:00
OrderID0000991,Pot4,4/30/2023 14:31:55
OrderID0000992,Pan2,4/30/2023 15:05:32
OrderID0000993,Pan1,4/30/2023 15:29:08
OrderID0000994,Pan3,4/30/2023 16:47:24
OrderID0000995,Pot4,4/30/2023 19:03:23
OrderID0000996,Pan3,4/30/2023 20:10:09
OrderID0000997,Pot4,4/30/2023 22:10:53
OrderID0000998,Pan1,4/30/2023 22:27:15
OrderID0000999,Pan2,4/30/2023 22:44:04
OrderID0001000,Pot3,4/30/2023 23:59:59